"id","premise","hypothesis","trial","response","confusing","confusing_reason","type","Answer.condition","Answer.time_in_minutes","anon_id"
"1047","If this issue is so one-sided and you truly are the majority, why is it your own employer, the Heritage Foundation-a national think-tank, conservative-takes no stand on this issue and, in fact, offers no advice on this public policy question for the White House? Why?","Their contributer base and their member base is split on this issue.",3,"73.27",0,"","target-prior",0,12.77305,25
"2456"," "" It is only because you have been kind to me and always treated me with respect, that I would tell you that which I would dare not speak of to another. Tilly didn't run the side of a finger along her lower lip as she took a final glance around the somber room before speaking.","Tilly spoke.",4,"50.30",0,"","target-negated",0,12.77305,25
"285","This method results in a waveform with the values of the standard deviation over time and it is one of the features that constitutes the feature matrix of the NDC algorithm. ","There are exactly two algorithms.",5,"20.94",0,"","target-prior",0,12.77305,25
"1726","  But it wasn't the things that we didn't talk about that seemed most present.","Something seemed most present",6,"100.00",0,"","target-negated",0,12.77305,25
"364"," Thirty-three students died before the storm moved on. the winds finally dissipated at 4:30 P.M. After ripping up half of Princeton, the winds finally dissipated at 4:30 P.M.","the winds ripped up half of Princeton.",7,"100.00",0,"","target-original",0,12.77305,25
"53477e_filler","But in most situations in which a firm provides a wide range of goods to customers, some of its products will have low or moderate demand variation, while others' demand will vary a great deal.","Some of the products a firm carries will have low demand variation.",8,"100.00",0,"","filler",0,12.77305,25
"2123","It may well be that Brissot believed his own rhetoric and thought that the French army would be welcomed abroad as' armed liberators'. But by choosing war, Brissot and the Girondins--whether they understood the risks or not--were taking a path towards internal terror.","Someone took on political leadership at the height of the conflict as a member of the Committee of Public Safety to defend the embattled Republic.",9,"51.05",0,"","target-prior",0,12.77305,25
"1134"," In addition to being successful as a lawyer and agent, my parents became judicious backers of new Broadway shows, on David Merrick's and Kermit Bloomgarden's A lists. They moved into the huge Riverside Drive apartment shortly before my sister was born, a year ahead of me, both of us were not late kids, and bought the apartment when the building went co-op in the seventies.","My parents had exaclty two kids.",10,"95.59",0,"","target-negated",0,12.77305,25
"183","I'm no angel, but I don't buy and sell women. Fanny left me long ago; I know where she is.","She is at somewhere.",11,"100.00",0,"","target-negated",0,12.77305,25
"113908e_filler","Treat yourself and bill it to Si.","Send the bill of your treat to Si. ",12,"100.00",0,"","filler",0,12.77305,25
"1732","KYRA PHILLIPS: No.","Someone fills things out for little kids birthday clubs",13,"48.95",0,"","target-prior",0,12.77305,25
"17481e_filler","It is one of those rare cases in which I can please everyone.","It is a rare situation that lets me make everybody happy.",14,"100.00",0,"","filler",0,12.77305,25
"1118"," The use of recycled wood for panel board and paper furnish is a relatively recent development in the Northwest--taking place within the past three years. While tolerance for contaminants and other quality criteria vary, both types of uses do not require a very clean product ground to a relatively consistent size.","There are exactly two types of uses of recycled wood discussed here.",15,"100.00",0,"","target-negated",0,12.77305,25
"414","It was hard to think of Larry as being from Wyoming. He had no mystique. Sometimes in the early morning I didn't wake up to the sound of the bells on the lead horses as they came in from the open range.","I wasn't awake before early morning.",16,"91.35",0,"","target-negated",0,12.77305,25
"1168","In September, OSHA proposed cutting in half the permissible levels of exposure to crystalline silica at work sites. Minnesota recently began testing for crystalline silica and other fine particles at mines and along a busy haul route. It isn't rewriting air-quality standards for sand mining.","Air-quality standards for sand mining have been previously established.",17,"95.59",0,"","target-negated",0,12.77305,25
"142899e_filler","OK, I thought so.","Ah yes, I suspected that was the case. ",18,"97.45",0,"","filler",0,12.77305,25
"2459"," He'd have sworn he'd seen it after nutmeg and cloves, but now cloves was the last ingredient. Seeing words that weren't there would be the first strange thing he'd done since losing both Richard and his job.","He lost both Richard and his job.",19,"100.00",0,"","target-negated",0,12.77305,25
"602","None of us really knew about it until we were sitting here undressing and looked at the scoreboard. ""  Jimy Williams, who mixed and matched his relievers through the no-hitter, didn't realize what was transpiring.","Something was transpiring.",20,"100.00",0,"","target-negated",0,12.77305,25
"868",""" I said. I didn't think that she would refuse me. She told me that it was usually the old people who recited things to them in Redtown.","Someone recited things to them in Redtown.",21,"100.00",0,"","target-original",0,12.77305,25
"100061e_filler","American 77 traveled undetected for 36 minutes on a course heading due east for Washington, D.C.","American 77 traveled on a course heading east to Washington, D.C",22,"100.00",0,"","filler",0,12.77305,25
"1108"," Then again, given the gridlock on most issues in Washington, the idea of passing any insider trading law in Congress might be wishful thinking. A spokesman for Mr. Bharara declined to comment on a possible Supreme Court appeal.","A spokesman for Mr. Bharara was asked to comment on a possible Supreme Court appeal.",23,"93.40",0,"","target-original",0,12.77305,25
"467","Tartars and Arab clans / tribes exemplify this stage well. Such an inquiry can be either light-bearing or fruit-bearing (Pigou, 1946).","In the analysis of human society, soemthing dominates.",24,"49.85",0,"","target-prior",0,12.77305,25
"1114","ICE spokeswoman Barbara Gonzalez told the AJC on Thursday that Cherokee and Roswell's applications are still under consideration.  ""We are working with both of these law enforcement departments and sharing information to move forward on their requests,"" she said.","Threre are exacly two relevant law enforcment departments.",25,"38.42",0,"","target-original",0,12.77305,25
"1556","After her brief response, he turns away, though line 34 indicates she has not said all she needs to say. The Troubles Delwar Divined  Analyzing videotapes I made of the diviner Delwar Kari in 1996 and comparing them with those I had shot in 1992 uncovered both continuities and contrasts.","There are exactly two sets of tapes.",26,"91.10",0,"","target-prior",0,12.77305,25
"2167"," ""Let the little children come to me,"" thought Fleur, rubbing her hands over her goosefleshed arms. ""There is a smaller child than I,"" and Fleur let herself heavily down onto the pavement once more, to venture toward the church.","Fleur is a child.",27,"65.46",0,"","target-negated",0,12.77305,25
"1998","The pilot brought us into position behind and to the left of the bears. Ramsay, like a modern day Buffalo Bill, rifle to his shoulder, leaned out the door, squinted through the scope, and fired a tranquilizer dart into the rump of the first bear. He quickly reloaded and darted the second bear.","His tranquilizer gun had been loaded before",12,"100.00",0,"","target-original",0,17.65035,47
"2015"," In a few cases, patients might still develop those diseases in future, but that was far from certain.","The mutatation had previously been classified as a risk factor",13,"1.93",0,"","target-prior",0,17.65035,47
"1844","I was locked up when I was 20 years old--just turned 20 years old, and I'm 42 now. So I've been in a little over 22 years, convicted for rape and sentenced to two life sentences. I don't understand how I was even brought to court","I was brought to court",14,"100.00",0,"","target-original",0,17.65035,47
"250","My husband had sent me away for the summer. ""I have to be alone,"" he'd pleaded. He forgot to eat, often did not sleep, could most frequently be found staring at his own thoughts.","He was supposed to eat.",3,"100.00",0,"","target-original",0,17.65035,47
"1805"," ENGLEHORN looks with despair at the THICKENING FOG ahead.","He hadn't previously been spinning the wheel",4,"0.02",0,"","target-prior",0,17.65035,47
"367"," The convictions were thrown out after a white man admitted to the murders, but during a retrial, the confession was ruled inadmissible and Pitts and Lee were convicted again. they weren't pardoned in 1975 After spending nine years on death row.","They spent nine years on death row.",5,"100.00",0,"","target-negated",0,17.65035,47
"1929"," In seizing his own Mideast moment, Obama offered a speech that was in some ways notable for what he did not mention. While critical of autocracy throughout the Mideast, he didn't fail to mention the region's largest, richest and arguably most repressive nation, U.S. ally Saudi Arabia.","Obama attempted to mention Saudi Arabia",6,"98.16",0,"","target-negated",0,17.65035,47
"2077","She struggled to get out of the car, wrestling with the seat belt. The man stepped back as Denise opened the door, using her shoulder. She didn't lose her balance as she stood.","She had her balance previously.",7,"96.14",0,"","target-negated",0,17.65035,47
"1542","Yet we survived. Pop lived to be 88, Mom to 82.","There were exactly two aunts.",8,"1.01",0,"","target-prior",0,17.65035,47
"657","What he's doing is totally and completely normal: He's discovering his body, and discovering that rubbing his penis feels good. There's nothing wrong with that.","You expect him to feel bad or ashamed about the behavior.",9,"90.24",0,"","target-prior",0,17.65035,47
"107399e_filler","Bush the elder came of age when New England Republicans led the party, and patrician manners were boons to a Republican.","New England Republicans led the GOP.",10,"100.00",0,"","filler",0,17.65035,47
"1423","A tall man wearing camouflage clothes and a Crocodile Dundee hat steps out of the driver's side. He nods as they approach. She knows just what her mother would have said about all of this.","Her mother would have said something about all this.",11,"99.25",0,"","target-original",0,17.65035,47
"1741","Mm-hmm. Stehr: That's a better deal than the tax break.","The tas break is a deal.",25,"0.88",0,"","target-original",0,17.65035,47
"2235","<i>(No context.)</i>","Our men hadn't been drumming before.",26,"1.50",0,"","target-prior",0,17.65035,47
"55297e_filler","Let's get it right.","We should do this correctly.",27,"100.00",0,"","filler",0,17.65035,47
"1135","  In both stories, Marley didn't hope that terrifying change can be survived.","There are exactly two stories.",15,"91.35",0,"","target-negated",0,17.65035,47
"735","<i>(No context.)</i>","There are exactly two measures.",16,"1.31",0,"","target-prior",0,17.65035,47
"2078","LYDEN-HOST: How many times have you heard you have just as about as much chance of that happening as winning the lottery?","At least 43 people in Roby, Texas entered the lottery.",17,"84.82",0,"","target-prior",0,17.65035,47
"1230"," Still, after Johnson was fired he didn't get another big league managerial job until the Cincinnati Reds hired him in May 1993.","Johnson was swept by the Atlanta Braves.",18,"2.96",0,"","target-prior",0,17.65035,47
"2134","And this time, he had promised himself not to let that happen. She was just a very young girl, and it was ridiculous to be attracted to her. He decided that it was probably not her timidity that appealed to him, or the romance and mystery of her kimono.","Something about her appealed to him.",19,"100.00",0,"","target-negated",0,17.65035,47
"2282","This is a question that everyone asks in our region. Israel's neighbors--Iran's neighbors know that Iran will become even more aggressive and sponsor even more terrorism when its economy is unshackled and it's been given a clear path to the bomb. And not many of these neighbors say they'll respond by racing to get nuclear weapons of their own.","Many of these neighbors will respond by racing to get nuclear weapons of their own",20,"0.17",0,"","target-negated",0,17.65035,47
"15790e_filler","Recommendations","Suggesetions",21,"99.25",0,"","filler",0,17.65035,47
"101594c_filler","I felt an immeasurable 230 contempt for him… .","I felt great respect for him...",22,"0.00",0,"","filler",0,17.65035,47
"465","J. SCOTT TRUBEY AGRICULTURE Bird flu spreads at Minn. turkey farms A ninth Minnesota turkey farm has been hit by a form of bird flu that's deadly to poultry, this time in a large Jennie-O-Turkey Store operation that has 310,000 turkeys, federal authorities and company officials said Wednesday. The U.S. Department of Agriculture didn't say tests confirmed it was the same highly pathogenic H5N2 strain of avian influenza that infected eight other farms in Minnesota, the country's top turkey-producing state.","Something infected eight other farms in Minnesota.",23,"100.00",0,"","target-negated",0,17.65035,47
"8315e_filler","yeah its too open yeah and there's uh they have got some forty to fifty foot high cliffs around Possum Kingdom and you just get up and ski uh adjacent to those and uh and it doesn't make any difference how windy it is you don't notice it","No matter how windy it is, you won't notice as you ski adjacent to the forty foot cliffs around Possum Kingdom.",24,"99.40",0,"","filler",0,17.65035,47
"210","It was so packed, there were people sitting in their seats holding small to medium-sized bags because they couldn't go either way in the aisles. ","Brown's case is hardly unique.",4,"65.89",0,"","target-prior",0,13.8346666666667,26
"84221e_filler","Through the youth mapping process, it was confirmed that the positive opportunities for youth on weekend evenings were lacking.","It was confirmed through the youth mapping process, that positive opportunities for younger people on weekend evenings were lacking.",13,"97.14",0,"","filler",0,13.8346666666667,26
"1216"," Maybe a little, I mean after, b u t... "" land, with occasional spells aboard trains and busses. She hummed. Nuala had alternated between the melody to Mendelsshon's Symphony No. 3, known as his silence and outbursts of anger, since learning of Hal's death.","Nuala learned of Hal's death.",14,"100.00",0,"","target-original",0,13.8346666666667,26
"1","The cops had him in their headlights. He ran hard and fast, fiercely pumping his legs, his arms, but they gained on him quickly, swerving in front of him to block his way. Winded, aching, he didn't fall on his knees in the street.","He was standing earlier.",15,"98.11",0,"","target-negated",0,13.8346666666667,26
"588","Sometimes she came right from the set, still flushed, stinking of sex, in shorts and a halter top, and she held his hand until his racing heart slowed to a regular pace. He didn't like it, his peek into her world; it scared the hell out of him.","She did it somehow.",3,"79.66",0,"","target-prior",0,13.8346666666667,26
"76343e_filler","If she didn't like her restaurant so much, the woman'd be high-up in Applied by now.","She liked her restaurant a lot.",17,"97.98",0,"","filler",0,13.8346666666667,26
"915","Before we knew it, it was time for all of us join Frank Sinatra and sing ""I want to be a part of it, New York, New York!"" The crowd cheered for all the entrants as they paraded to the gate. Yes, there was sadness over what might have been, however there is a more resilient group in the United States than New Yorkers.","New Yorkers are a group in the United States.",5,"97.30",0,"","target-negated",0,13.8346666666667,26
"2439"," Betty plunged into what appeared to be the mouth of a cave. Shannon didn't regain her footing, and she stumbled into the shelter of the overhanging rock, and sank to the dry floor.","Shannon previously had her footing.",6,"99.22",0,"","target-negated",0,13.8346666666667,26
"719","The other, initiated in Uganda, is called the Kampala Process. Diplomats from the United Nations, the US, the African Union, and other diplomats from the so-called Great Lakes region of sub-Saharan Africa have gotten involved in both talks due to the worsening humanitarian crisis this summer. M23 is not seen as the stumbling block to progress in both talks.","There are exactly two talks.",7,"96.25",0,"","target-negated",0,13.8346666666667,26
"393"," Professor Skeel, the son of a teacher and an Air Force doctor, said he had ""zero"" experience of religion while moving six times with his father's deployments.","He entered the University of North Carolina in 1979.",8,"51.95",0,"","target-prior",0,13.8346666666667,26
"110185e_filler","Release 2.0: A Design for Living in the Digital Age , by Esther Dyson (Broadway Books).","Esther Dyson is the Author of Release 2.o: A Design for Living in the Digital Age.",9,"100.00",0,"","filler",0,13.8346666666667,26
"71888e_filler","yeah okay you go ahead","Yeah, you go ahead, okay. ",10,"74.96",0,"","filler",0,13.8346666666667,26
"2399","And in the coming months I am looking forward to reaching out and working with leaders of both parties to meet the challenges we an only solve together.  Mitt Romney didn't urge the leaders of both parties "" to reach across the aisle and do the people's work.","There are exactly two parties.",11,"99.97",0,"","target-negated",0,13.8346666666667,26
"1904"," p191","It took effort for me to say ""amazing""",12,"74.96",1,"This is just random characters","target-prior",0,13.8346666666667,26
"2134","And this time, he had promised himself not to let that happen. She was just a very young girl, and it was ridiculous to be attracted to her. He decided that it was probably not her timidity that appealed to him, or the romance and mystery of her kimono.","Something about her appealed to him.",7,"100.00",0,"","target-negated",0,18.897,26
"15790e_filler","Recommendations","Suggesetions",8,"90.85",1,"this is a non -sequitur","filler",0,18.897,26
"1805"," ENGLEHORN looks with despair at the THICKENING FOG ahead.","He hadn't previously been spinning the wheel",9,"0.00",1,"this means nothing","target-prior",0,18.897,26
"1144"," This approach is suitable if TP data are available from a random subset of lakes, and if the percentage of lakes above minimum impact levels is known; the 25th percentile is most appropriate where 75% of the lakes exceed minimal impact levels.","Exactly two conditions are being discussed.",16,"5.81",0,"","target-prior",0,13.8346666666667,26
"17481e_filler","It is one of those rare cases in which I can please everyone.","It is a rare situation that lets me make everybody happy.",3,"96.71",0,"","filler",0,10.8565666666667,26
"1114","ICE spokeswoman Barbara Gonzalez told the AJC on Thursday that Cherokee and Roswell's applications are still under consideration.  ""We are working with both of these law enforcement departments and sharing information to move forward on their requests,"" she said.","Threre are exacly two relevant law enforcment departments.",4,"100.00",0,"","target-original",0,10.8565666666667,26
"183","I'm no angel, but I don't buy and sell women. Fanny left me long ago; I know where she is.","She is at somewhere.",5,"94.94",1,"this is oddly non-sequitur","target-negated",0,10.8565666666667,26
"1108"," Then again, given the gridlock on most issues in Washington, the idea of passing any insider trading law in Congress might be wishful thinking. A spokesman for Mr. Bharara declined to comment on a possible Supreme Court appeal.","A spokesman for Mr. Bharara was asked to comment on a possible Supreme Court appeal.",6,"100.00",0,"","target-original",0,10.8565666666667,26
"1732","KYRA PHILLIPS: No.","Someone fills things out for little kids birthday clubs",7,"2.12",1,"irrelevant","target-prior",0,10.8565666666667,26
"1844","I was locked up when I was 20 years old--just turned 20 years old, and I'm 42 now. So I've been in a little over 22 years, convicted for rape and sentenced to two life sentences. I don't understand how I was even brought to court","I was brought to court",3,"100.00",0,"","target-original",0,18.897,26
"2077","She struggled to get out of the car, wrestling with the seat belt. The man stepped back as Denise opened the door, using her shoulder. She didn't lose her balance as she stood.","She had her balance previously.",4,"99.37",0,"","target-negated",0,18.897,26
"250","My husband had sent me away for the summer. ""I have to be alone,"" he'd pleaded. He forgot to eat, often did not sleep, could most frequently be found staring at his own thoughts.","He was supposed to eat.",5,"95.90",0,"","target-original",0,18.897,26
"1741","Mm-hmm. Stehr: That's a better deal than the tax break.","The tas break is a deal.",6,"97.74",0,"","target-original",0,18.897,26
"2067"," ""It was a long time before we used the pool again...before we could even go in the yard,"" Stephen recalls. Stephen hadn't raced from the golf course to the hospital after receiving a pager message, not knowing if his daughter was dead or alive.","Stephen received a paper message",25,"1.19",0,"","target-negated",0,13.8346666666667,26
"877"," Many strands of contemporary thought, including those embraced by ""deep greens"" and the far left, express aspects of such discontent. But it isn't radical Islam that has become the lightning rod for this fury.","Something has become the lighting rod for this fury.",26,"100.00",0,"","target-negated",0,13.8346666666667,26
"279","having been in communications and been with Midway Airlines, I was considering the front desk as well- food and beverage in a management position or possibly even security. Mr. BRINKLEY:","There are exactly two of you.",27,"52.70",1,"this is babbling","target-prior",0,13.8346666666667,26
"1230"," Still, after Johnson was fired he didn't get another big league managerial job until the Cincinnati Reds hired him in May 1993.","Johnson was swept by the Atlanta Braves.",10,"22.90",1,"this is possible, but irrelevant","target-prior",0,18.897,26
"8315e_filler","yeah its too open yeah and there's uh they have got some forty to fifty foot high cliffs around Possum Kingdom and you just get up and ski uh adjacent to those and uh and it doesn't make any difference how windy it is you don't notice it","No matter how windy it is, you won't notice as you ski adjacent to the forty foot cliffs around Possum Kingdom.",11,"97.74",0,"","filler",0,18.897,26
"101594c_filler","I felt an immeasurable 230 contempt for him… .","I felt great respect for him...",12,"1.89",0,"","filler",0,18.897,26
"124335e_filler","What does he do for a living?","What is his current occupation?",18,"48.95",1,"It's a question, not a astatement.","filler",0,13.8346666666667,26
"1427"," Final topic, here.","Usama bin Laden did something.",19,"99.46",0,"","target-prior",0,13.8346666666667,26
"580","The number of outlets selling Huawei globally increased by 116% to 35,000 stores as of May this year, the company said. ","Huawei's operating margins somehow plummeted six percentage points to 12% the first half of this year compared to the same period in 2015.",20,"41.05",0,"","target-prior",0,13.8346666666667,26
"991","I've worked obviously suspicious gobblers for an hour only to have them lose all wariness and come sprinting toward me when they spotted a hen or jake decoy. And I've had ""hot"" gobblers turn tail feathers and run the moment they caught sight of a decoy. You just never know how they'll react.","They will react in some way.",21,"99.90",0,"","target-original",0,13.8346666666667,26
"2299",""" What's happening with tendons and soft tissues that we didn't see 10 or 15 years ago? Are we weaker, do we have a softer lifestyle? I don't tend to believe we are softer, "" she said.","We are softer than 10 or 15 years ago.",22,"68.96",0,"","target-negated",0,13.8346666666667,26
"2480","We must teach more students because everyone needs to understand music. We must involve more students because inclusiveness builds program support from families and friends. Music teachers and communities should therefore assess the success of programs on at least three key criteria: Achievementthe scope and depth of what students learn; Participationhow many students benefit from music classes; andImpactwhether participating students are not motivated and empowered to continue their musical involvement after moving to the next level.","Students will move to the next level in music classes.",23,"88.33",0,"","target-negated",0,13.8346666666667,26
"1153","I'm not looking for a--a colony on the moon. I think the cost of that would be in the hundreds of billions, if not trillions.","Housing in the US has previously been built.",24,"100.00",0,"","target-prior",0,13.8346666666667,26
"142899e_filler","OK, I thought so.","Ah yes, I suspected that was the case. ",11,"97.30",0,"","filler",0,10.8565666666667,26
"1134"," In addition to being successful as a lawyer and agent, my parents became judicious backers of new Broadway shows, on David Merrick's and Kermit Bloomgarden's A lists. They moved into the huge Riverside Drive apartment shortly before my sister was born, a year ahead of me, both of us were not late kids, and bought the apartment when the building went co-op in the seventies.","My parents had exaclty two kids.",12,"77.10",0,"","target-negated",0,10.8565666666667,26
"53477e_filler","But in most situations in which a firm provides a wide range of goods to customers, some of its products will have low or moderate demand variation, while others' demand will vary a great deal.","Some of the products a firm carries will have low demand variation.",13,"97.88",0,"","filler",0,10.8565666666667,26
"1047","If this issue is so one-sided and you truly are the majority, why is it your own employer, the Heritage Foundation-a national think-tank, conservative-takes no stand on this issue and, in fact, offers no advice on this public policy question for the White House? Why?","Their contributer base and their member base is split on this issue.",14,"75.60",0,"","target-prior",0,10.8565666666667,26
"364"," Thirty-three students died before the storm moved on. the winds finally dissipated at 4:30 P.M. After ripping up half of Princeton, the winds finally dissipated at 4:30 P.M.","the winds ripped up half of Princeton.",15,"96.02",0,"","target-original",0,10.8565666666667,26
"285","This method results in a waveform with the values of the standard deviation over time and it is one of the features that constitutes the feature matrix of the NDC algorithm. ","There are exactly two algorithms.",16,"3.69",0,"","target-prior",0,10.8565666666667,26
"868",""" I said. I didn't think that she would refuse me. She told me that it was usually the old people who recited things to them in Redtown.","Someone recited things to them in Redtown.",17,"100.00",0,"","target-original",0,10.8565666666667,26
"2078","LYDEN-HOST: How many times have you heard you have just as about as much chance of that happening as winning the lottery?","At least 43 people in Roby, Texas entered the lottery.",13,"32.84",0,"","target-prior",0,18.897,26
"367"," The convictions were thrown out after a white man admitted to the murders, but during a retrial, the confession was ruled inadmissible and Pitts and Lee were convicted again. they weren't pardoned in 1975 After spending nine years on death row.","They spent nine years on death row.",14,"100.00",0,"","target-negated",0,18.897,26
"1542","Yet we survived. Pop lived to be 88, Mom to 82.","There were exactly two aunts.",15,"8.90",1,"irrelevant","target-prior",0,18.897,26
"467","Tartars and Arab clans / tribes exemplify this stage well. Such an inquiry can be either light-bearing or fruit-bearing (Pigou, 1946).","In the analysis of human society, soemthing dominates.",8,"2.26",0,"","target-prior",0,10.8565666666667,26
"1168","In September, OSHA proposed cutting in half the permissible levels of exposure to crystalline silica at work sites. Minnesota recently began testing for crystalline silica and other fine particles at mines and along a busy haul route. It isn't rewriting air-quality standards for sand mining.","Air-quality standards for sand mining have been previously established.",9,"100.00",0,"non-sequitur","target-negated",0,10.8565666666667,26
"1556","After her brief response, he turns away, though line 34 indicates she has not said all she needs to say. The Troubles Delwar Divined  Analyzing videotapes I made of the diviner Delwar Kari in 1996 and comparing them with those I had shot in 1992 uncovered both continuities and contrasts.","There are exactly two sets of tapes.",10,"91.18",0,"","target-prior",0,10.8565666666667,26
"1998","The pilot brought us into position behind and to the left of the bears. Ramsay, like a modern day Buffalo Bill, rifle to his shoulder, leaned out the door, squinted through the scope, and fired a tranquilizer dart into the rump of the first bear. He quickly reloaded and darted the second bear.","His tranquilizer gun had been loaded before",19,"100.00",0,"","target-original",0,18.897,26
"657","What he's doing is totally and completely normal: He's discovering his body, and discovering that rubbing his penis feels good. There's nothing wrong with that.","You expect him to feel bad or ashamed about the behavior.",20,"63.61",0,"","target-prior",0,18.897,26
"1929"," In seizing his own Mideast moment, Obama offered a speech that was in some ways notable for what he did not mention. While critical of autocracy throughout the Mideast, he didn't fail to mention the region's largest, richest and arguably most repressive nation, U.S. ally Saudi Arabia.","Obama attempted to mention Saudi Arabia",21,"99.02",0,"","target-negated",0,18.897,26
"1423","A tall man wearing camouflage clothes and a Crocodile Dundee hat steps out of the driver's side. He nods as they approach. She knows just what her mother would have said about all of this.","Her mother would have said something about all this.",22,"99.02",0,"","target-original",0,18.897,26
"735","<i>(No context.)</i>","There are exactly two measures.",23,"1.38",1," no context","target-prior",0,18.897,26
"1135","  In both stories, Marley didn't hope that terrifying change can be survived.","There are exactly two stories.",24,"100.00",0,"irrelevant","target-negated",0,18.897,26
"55297e_filler","Let's get it right.","We should do this correctly.",25,"99.97",0,"","filler",0,18.897,26
"2282","This is a question that everyone asks in our region. Israel's neighbors--Iran's neighbors know that Iran will become even more aggressive and sponsor even more terrorism when its economy is unshackled and it's been given a clear path to the bomb. And not many of these neighbors say they'll respond by racing to get nuclear weapons of their own.","Many of these neighbors will respond by racing to get nuclear weapons of their own",26,"1.19",0,"","target-negated",0,18.897,26
"465","J. SCOTT TRUBEY AGRICULTURE Bird flu spreads at Minn. turkey farms A ninth Minnesota turkey farm has been hit by a form of bird flu that's deadly to poultry, this time in a large Jennie-O-Turkey Store operation that has 310,000 turkeys, federal authorities and company officials said Wednesday. The U.S. Department of Agriculture didn't say tests confirmed it was the same highly pathogenic H5N2 strain of avian influenza that infected eight other farms in Minnesota, the country's top turkey-producing state.","Something infected eight other farms in Minnesota.",27,"100.00",0,"","target-negated",0,18.897,26
"113908e_filler","Treat yourself and bill it to Si.","Send the bill of your treat to Si. ",19,"100.00",0,"","filler",0,10.8565666666667,26
"107399e_filler","Bush the elder came of age when New England Republicans led the party, and patrician manners were boons to a Republican.","New England Republicans led the GOP.",16,"100.00",0,"","filler",0,18.897,26
"2235","<i>(No context.)</i>","Our men hadn't been drumming before.",17,"0.00",1,"no context","target-prior",0,18.897,26
"2015"," In a few cases, patients might still develop those diseases in future, but that was far from certain.","The mutatation had previously been classified as a risk factor",18,"85.66",0,"","target-prior",0,18.897,26
"2167"," ""Let the little children come to me,"" thought Fleur, rubbing her hands over her goosefleshed arms. ""There is a smaller child than I,"" and Fleur let herself heavily down onto the pavement once more, to venture toward the church.","Fleur is a child.",23,"62.45",0,"","target-negated",0,10.8565666666667,26
"1118"," The use of recycled wood for panel board and paper furnish is a relatively recent development in the Northwest--taking place within the past three years. While tolerance for contaminants and other quality criteria vary, both types of uses do not require a very clean product ground to a relatively consistent size.","There are exactly two types of uses of recycled wood discussed here.",24,"100.00",0,"","target-negated",0,10.8565666666667,26
"414","It was hard to think of Larry as being from Wyoming. He had no mystique. Sometimes in the early morning I didn't wake up to the sound of the bells on the lead horses as they came in from the open range.","I wasn't awake before early morning.",25,"77.10",0,"","target-negated",0,10.8565666666667,26
"602","None of us really knew about it until we were sitting here undressing and looked at the scoreboard. ""  Jimy Williams, who mixed and matched his relievers through the no-hitter, didn't realize what was transpiring.","Something was transpiring.",26,"100.00",0,"","target-negated",0,10.8565666666667,26
"100061e_filler","American 77 traveled undetected for 36 minutes on a course heading due east for Washington, D.C.","American 77 traveled on a course heading east to Washington, D.C",27,"100.00",0,"","filler",0,10.8565666666667,26
"2456"," "" It is only because you have been kind to me and always treated me with respect, that I would tell you that which I would dare not speak of to another. Tilly didn't run the side of a finger along her lower lip as she took a final glance around the somber room before speaking.","Tilly spoke.",20,"100.00",0,"","target-negated",0,10.8565666666667,26
"2459"," He'd have sworn he'd seen it after nutmeg and cloves, but now cloves was the last ingredient. Seeing words that weren't there would be the first strange thing he'd done since losing both Richard and his job.","He lost both Richard and his job.",21,"100.00",0,"","target-negated",0,10.8565666666667,26
"1726","  But it wasn't the things that we didn't talk about that seemed most present.","Something seemed most present",18,"100.00",0,"","target-negated",0,10.8565666666667,26
"2123","It may well be that Brissot believed his own rhetoric and thought that the French army would be welcomed abroad as' armed liberators'. But by choosing war, Brissot and the Girondins--whether they understood the risks or not--were taking a path towards internal terror.","Someone took on political leadership at the height of the conflict as a member of the Committee of Public Safety to defend the embattled Republic.",22,"7.83",1,"The text and the Statement seem unrelated.","target-prior",0,10.8565666666667,26
"1982","The arterial pressure responses in this study differed somewhat from those reported by previous investigators. Whereas a marked pressor response in quads, but not in pares, had been reported in previous studies (22,36), a small increase of MAP in both groups was observed in this study.","There were exactly two groups involved.",8,"48.05",0,"","target-prior",0,49.9714833333333,35
"365"," After all, once businesses have a full range of tech tools, they don't need to keeping boosting budgets to buy tons of new stuff.","They needed an upgrade.",12,"53.60",0,"","target-prior",0,49.9714833333333,35
"2311e_filler","The headword is syllabified in W , not in L .  In older dictionaries the words are syllabified mainly to help in pronouncing them; latterly, syllabication has been used largely to find where a word can be hyphenated at the end of a line of text, though, judging by today's newspapers and magazines, one would be sore put to believe that a dictionary had ever been within the grasp of their editors, proofreaders, or the programmers who wrote the hyphenation programs for the automatic typesetting many of them now employ.","Newspaper and magazine editors do a poor job of properly hyphenating words.",9,"33.12",0,"","filler",0,49.9714833333333,35
"881","MORIARTY  Suddenly it isn't Steve who's on trial.","Someone is on trial.",10,"100.00",0,"","target-negated",0,49.9714833333333,35
"63751c_filler","Tuppence seized the bell and Jane the knocker.","Tuppence and Jane did not go up to the door.",3,"10.83",0,"","filler",0,49.9714833333333,35
"2047"," The company denies that it found any problems with designs for the waste vessels before commissioning their construction.","Bechtel fixed all the welds",4,"80.48",0,"","target-prior",0,49.9714833333333,35
"1631"," Don't tell me you started a tech firm here before us.","Lily looks over her shoulder.",5,"76.35",0,"","target-prior",0,49.9714833333333,35
"95794c_filler","Don't expect to be swinging much after midnight, even in towns.","Things stay open all night because it's a place to party.",6,"74.96",0,"","filler",0,49.9714833333333,35
"1694"," A month before school ended, the honors student's parents received a' progress report' from Oberon-Andy had three F's and two D's. And it wasn't just his poor marks that worried Andy's teachers.","Something worried Andy's teachers",7,"100.00",0,"","target-original",0,49.9714833333333,35
"1207"," DH Frank Thomas hit.212 in June and is still trying to find his stroke after last year's biceps injury.","DH Frank Thomas hit.340 with 12 home runs and 22 RBI in June.",20,"0.00",0,"","target-prior",0,49.9714833333333,35
"956","On Aug. 1 during an wide-ranging interview about the coming season, it was about five feet tall. Smith was proud of his horticultural skills. He started growing the plant shortly after taking over monumental task of turning around the Falcons in January 2008.","He hadn't been growing the plant before January 2008.",21,"94.94",0,"","target-original",0,49.9714833333333,35
"2066","Ainge owns the school's all-time scoring record with 2,467 points, set before the three-point line existed in college. Last season, BYU reached the second round of the NCAA tournament for the first time in eight appearances since 1993. Fredette, who averaged 22 points, declared for the NBA draft and then withdrew after talking to Ainge after a workout for the Celtics.","Fredette talked to Ainge",22,"100.00",0,"","target-original",0,49.9714833333333,35
"117794c_filler","Here are just some of the services your gift can provide.","Your gift can't provide any service, it's completely useless.",11,"0.00",0,"","filler",0,49.9714833333333,35
"146078c_filler","These include toys, books, television, computers, special lessons, weekend outings, time with grandparents and other extended family members, as well as the quality of child care, schooling, and the neighborhood they choose to live in (depending, of course, on the extent to which communities oer viable choices).","They do notinclude toys and outings.",23,"0.00",0,"","filler",0,49.9714833333333,35
"2008","The proximate cause was physical, a failing heart. But the deeper cause was the strain his race for the presidency had placed on her mind and soul. In their desperation to cling to power, the partisans of John Quincy Adams hadn't recirculated and embellished the earlier libels against Rachel's character.","The earlier libels against Rachel's character had been circulated before",24,"2.40",0,"","target-negated",0,49.9714833333333,35
"214","Instead, deputy foreign editor Steven R. Weisman said the reporter, Chuck Sudetic, left after being told by Serbian authorities that his safe passage through Serbian checkpoints could no longer be guaranteed.  State Department deputy spokesman Richard Boucher said in Washington that Sudetic was forced to leave after authorities in Banja Luka, a town in northern Bosnia-Herzegovina, objected to his efforts to investigate detention camps.","Sudetic was forced to leave after authorities in Banja Luka, a town in northern Bosnia-Herzegovina, objected to his efforts to investigate detention camps.",13,"100.00",0,"","target-original",0,49.9714833333333,35
"2195","It could get her into a lot of trouble and by association, him, too. CHAPTER 2 Animals are lower life-forms than humans.","Humans are life-forms.",14,"100.00",0,"","target-negated",0,49.9714833333333,35
"1676","Lowrey reels with an elbow, dropping Burnett to the lawn. But Burnett rolls and clips Lowrey's legs. Lowrey falls.","Lowrey was upright just before that.",15,"99.28",0,"","target-original",0,49.9714833333333,35
"1522",""" You see how your mind works? I fear you have a grievous fault, Lion.","Acquiring the instincts of a bygone age takes effort.",16,"69.24",0,"","target-prior",0,49.9714833333333,35
"1008",""" If somebody messes up, I usually get mad. That's just the competitor in me. Sometimes it comes out mad, but my teammates know how I am.","I am some way.",17,"85.24",0,"","target-original",0,49.9714833333333,35
"1250","""Do better."" ""I'm ready when you are,"" Iris said. The Outlaw closes at ten, and I'm ordering salmon.","The Outlaw is open before ten.",18,"100.00",0,"","target-original",0,49.9714833333333,35
"1214"," The newest way to monitor your heart rate, these tiny buds work by tracking the pulse of the blood rushing through your ears while allowing you to listen to your favorite tunes. We liked LG's Heart Rate Monitor Earphones best ($ 180) after taking a few brands for a test jog.","We took a few brands for a test jog.",19,"100.00",0,"","target-original",0,49.9714833333333,35
"1710","<strong>Speaker B</strong>: what's going to come out of this, not because of Democrats, but because people, Trump supporters and other things, you showed up at ours, we're going to show up at yours. this only gets worse.<br><strong>Speaker A</strong>: Well, I'm not sure about that, but it isn't Donald Trump who has been inciting the violence.","Someone has been inciting the violence.",27,"71.54",0,"","target-negated",0,49.9714833333333,35
"1145"," Their kids have played sports together.","There are exactly two sides.",25,"94.74",0,"","target-prior",0,49.9714833333333,35
"2359","Greed exists everywhere, Weber says, but the rational and methodical pursuit of profit is the essence of capitalism, and distinctive to it. And apart from the causal connection between capitalism and modern technology, each phenomenon, considered separately, is driven by the application of rational method to limitless purposes, whether limitless profit or limitless technical achievement.","There are exactly purposes under discussion.",26,"58.21",1,"doesnt seem to relate","target-prior",0,49.9714833333333,35
"2311e_filler","The headword is syllabified in W , not in L .  In older dictionaries the words are syllabified mainly to help in pronouncing them; latterly, syllabication has been used largely to find where a word can be hyphenated at the end of a line of text, though, judging by today's newspapers and magazines, one would be sore put to believe that a dictionary had ever been within the grasp of their editors, proofreaders, or the programmers who wrote the hyphenation programs for the automatic typesetting many of them now employ.","Newspaper and magazine editors do a poor job of properly hyphenating words.",23,"98.24",0,"","filler",0,8.40616666666667,36
"1676","Lowrey reels with an elbow, dropping Burnett to the lawn. But Burnett rolls and clips Lowrey's legs. Lowrey falls.","Lowrey was upright just before that.",22,"95.84",0,"","target-original",0,8.40616666666667,36
"1631"," Don't tell me you started a tech firm here before us.","Lily looks over her shoulder.",14,"50.60",0,"","target-prior",0,8.40616666666667,36
"63751c_filler","Tuppence seized the bell and Jane the knocker.","Tuppence and Jane did not go up to the door.",24,"1.76",0,"","filler",0,8.40616666666667,36
"2066","Ainge owns the school's all-time scoring record with 2,467 points, set before the three-point line existed in college. Last season, BYU reached the second round of the NCAA tournament for the first time in eight appearances since 1993. Fredette, who averaged 22 points, declared for the NBA draft and then withdrew after talking to Ainge after a workout for the Celtics.","Fredette talked to Ainge",25,"99.85",0,"","target-original",0,8.40616666666667,36
"2008","The proximate cause was physical, a failing heart. But the deeper cause was the strain his race for the presidency had placed on her mind and soul. In their desperation to cling to power, the partisans of John Quincy Adams hadn't recirculated and embellished the earlier libels against Rachel's character.","The earlier libels against Rachel's character had been circulated before",13,"96.71",0,"","target-negated",0,8.40616666666667,36
"95794c_filler","Don't expect to be swinging much after midnight, even in towns.","Things stay open all night because it's a place to party.",18,"2.12",0,"","filler",0,8.40616666666667,36
"1008",""" If somebody messes up, I usually get mad. That's just the competitor in me. Sometimes it comes out mad, but my teammates know how I am.","I am some way.",19,"86.97",0,"","target-original",0,8.40616666666667,36
"956","On Aug. 1 during an wide-ranging interview about the coming season, it was about five feet tall. Smith was proud of his horticultural skills. He started growing the plant shortly after taking over monumental task of turning around the Falcons in January 2008.","He hadn't been growing the plant before January 2008.",20,"98.24",0,"","target-original",0,8.40616666666667,36
"1250","""Do better."" ""I'm ready when you are,"" Iris said. The Outlaw closes at ten, and I'm ordering salmon.","The Outlaw is open before ten.",21,"99.54",0,"","target-original",0,8.40616666666667,36
"214","Instead, deputy foreign editor Steven R. Weisman said the reporter, Chuck Sudetic, left after being told by Serbian authorities that his safe passage through Serbian checkpoints could no longer be guaranteed.  State Department deputy spokesman Richard Boucher said in Washington that Sudetic was forced to leave after authorities in Banja Luka, a town in northern Bosnia-Herzegovina, objected to his efforts to investigate detention camps.","Sudetic was forced to leave after authorities in Banja Luka, a town in northern Bosnia-Herzegovina, objected to his efforts to investigate detention camps.",8,"99.62",0,"","target-original",0,8.40616666666667,36
"146078c_filler","These include toys, books, television, computers, special lessons, weekend outings, time with grandparents and other extended family members, as well as the quality of child care, schooling, and the neighborhood they choose to live in (depending, of course, on the extent to which communities oer viable choices).","They do notinclude toys and outings.",9,"7.05",0,"","filler",0,8.40616666666667,36
"365"," After all, once businesses have a full range of tech tools, they don't need to keeping boosting budgets to buy tons of new stuff.","They needed an upgrade.",10,"17.24",0,"","target-prior",0,8.40616666666667,36
"881","MORIARTY  Suddenly it isn't Steve who's on trial.","Someone is on trial.",11,"93.40",0,"","target-negated",0,8.40616666666667,36
"1214"," The newest way to monitor your heart rate, these tiny buds work by tracking the pulse of the blood rushing through your ears while allowing you to listen to your favorite tunes. We liked LG's Heart Rate Monitor Earphones best ($ 180) after taking a few brands for a test jog.","We took a few brands for a test jog.",26,"99.97",0,"","target-original",0,8.40616666666667,36
"2359","Greed exists everywhere, Weber says, but the rational and methodical pursuit of profit is the essence of capitalism, and distinctive to it. And apart from the causal connection between capitalism and modern technology, each phenomenon, considered separately, is driven by the application of rational method to limitless purposes, whether limitless profit or limitless technical achievement.","There are exactly purposes under discussion.",27,"64.47",0,"","target-prior",0,8.40616666666667,36
"1522",""" You see how your mind works? I fear you have a grievous fault, Lion.","Acquiring the instincts of a bygone age takes effort.",15,"40.47",0,"","target-prior",0,8.40616666666667,36
"2195","It could get her into a lot of trouble and by association, him, too. CHAPTER 2 Animals are lower life-forms than humans.","Humans are life-forms.",16,"97.30",0,"","target-negated",0,8.40616666666667,36
"1207"," DH Frank Thomas hit.212 in June and is still trying to find his stroke after last year's biceps injury.","DH Frank Thomas hit.340 with 12 home runs and 22 RBI in June.",17,"0.63",0,"","target-prior",0,8.40616666666667,36
"1145"," Their kids have played sports together.","There are exactly two sides.",3,"71.14",0,"","target-prior",0,8.40616666666667,36
"2047"," The company denies that it found any problems with designs for the waste vessels before commissioning their construction.","Bechtel fixed all the welds",4,"89.07",0,"","target-prior",0,8.40616666666667,36
"1694"," A month before school ended, the honors student's parents received a' progress report' from Oberon-Andy had three F's and two D's. And it wasn't just his poor marks that worried Andy's teachers.","Something worried Andy's teachers",5,"99.79",0,"","target-original",0,8.40616666666667,36
"117794c_filler","Here are just some of the services your gift can provide.","Your gift can't provide any service, it's completely useless.",6,"1.19",0,"","filler",0,8.40616666666667,36
"1710","<strong>Speaker B</strong>: what's going to come out of this, not because of Democrats, but because people, Trump supporters and other things, you showed up at ours, we're going to show up at yours. this only gets worse.<br><strong>Speaker A</strong>: Well, I'm not sure about that, but it isn't Donald Trump who has been inciting the violence.","Someone has been inciting the violence.",7,"96.88",0,"","target-negated",0,8.40616666666667,36
"1982","The arterial pressure responses in this study differed somewhat from those reported by previous investigators. Whereas a marked pressor response in quads, but not in pares, had been reported in previous studies (22,36), a small increase of MAP in both groups was observed in this study.","There were exactly two groups involved.",12,"24.66",0,"","target-prior",0,8.40616666666667,36
"1740","FishEasy ST, $129; FishEasy Port Photograph A hefty (depth) charge. // able, $199. There's a better bonding experience than hooking a worm and casting a line with Dad out on a peaceful lake.","Hooking a worm and casting a line with Dad out on a peaceful lake is a bonding experience.",3,"95.08",0,"","target-negated",0,44.7930333333333,34
"2128","He was heading up something called No Oil, Inc., which was trying to stop Armand Hammer and Occidental Petroleum from digging about 60 wells on Will Rogers State Beach, right there in Santa Monica. I went to hear him talk and we became friends, it wasn't this local issue that we galvanized behind.","We galvanized behind something.",4,"100.00",0,"","target-negated",0,44.7930333333333,34
"105252e_filler","'It's that kind of world.'","That's the world we live in.",5,"100.00",0,"","filler",0,44.7930333333333,34
"69077e_filler","You now have the opportunity to help your school honor Dr. Phillips by contributing to an endowed professorship in his honor which will help assure continuation of his work.","You can help the school honor Dr. Phillips by contributing to an endowment that will help him continue to work.",6,"100.00",0,"","filler",0,44.7930333333333,34
"1338","And tonight, you'll understand why, as Lynn Sherr takes you on a rare visit into a private world--a place that often holds the key to a black man's success, even his very survival. It's been written that men are what their mothers made them. And perhaps, there's no greater testament to that than what you're about to see.","What you're about to see is a testament.",7,"100.00",0,"","target-original",0,44.7930333333333,34
"1981","* 28;332;TOOLONG, two science historians, and two forest historians ) each recommended by independent professional associations.","There were exactly nine people involved",8,"0.00",0,"","target-prior",0,44.7930333333333,34
"74","And again. Getting close to the court now, she watched the ball machine spitting the balls out while Bryan with his increasingly powerful arms rolled the streamlined chair rapidly from one side to the other.","Something was placing the balls back on the other side just where he wanted them.",9,"100.00",0,"","target-prior",0,44.7930333333333,34
"626","Sonia considers herself "" good at languages. "" She has an ear for them.","Sonia is Italian.",10,"50.45",0,"","target-prior",0,44.7930333333333,34
"180","He was very close to completing both of the books. He'd done a lot of work on both of them. So I know what happens next to be honest KING","something happens next.",11,"100.00",0,"","target-negated",0,44.7930333333333,34
"1739","Well, there was no war. Obviously, the US military was there, but we didn't wage war. Haiti is a much smaller country than Iraq.","Iraq is a country.",12,"100.00",0,"","target-original",0,44.7930333333333,34
"341","  This year, Led Zeppelin's guitarist, Jimmy Page, and singer, Robert Plant, reunited for their first long-term project since 1980.","Jimmy Page and Robert Plant had been united before 1980.",13,"41.79",0,"","target-original",0,44.7930333333333,34
"829","When Prince came, he was at his height--PRINCE in capital letters. And when you walked onto the dance floor, you looked all the way up at the ceiling, 50 feet up, and you saw the second floor.","The entire second floor was accessible earlier.",14,"85.45",0,"","target-prior",0,44.7930333333333,34
"67868c_filler","The IU School of Dentistry, and our entire profession, will benefit greatly from this endowment.","No one will benefit from this endowment. ",15,"0.00",0,"","filler",0,44.7930333333333,34
"141","  In 1975, Peacock began filming grizzly bears, hoping it would help him plead the bears' case.","Peacock didn't film grizzly bears before 1975.",16,"100.00",0,"","target-original",0,44.7930333333333,34
"960","And at that point, worrying about my parents' relationship seemed as unnecessary as finding the answer to a puzzle on a stupid TV show. They were fine, holding hands or not. There was nothing to see; we didn't keep on driving, didn't even think about slowing down.","We previously had been driving.",17,"99.66",0,"","target-negated",0,44.7930333333333,34
"268"," The senior executive at Glenwood, who was deeply involved in the company's political activities and campaign contributions, was also cooperating with federal authorities, according to the complaint. Alan Levine, a lawyer for Glenwood Management, didn't decline to comment on the complaint.","Alan Levine, a lawyer for Glenwood Management, was asked to comment on the complaint.",18,"100.00",0,"","target-negated",0,44.7930333333333,34
"138","  Scientists are only beginning to understand the molecular changes involved in nuclear reprogramming, yet this line of basic research may result in some of the most beneficial applications of cloning to humans.","Scientists didn't understand the molecular changes invovled in nuclear reprogramming.",19,"100.00",0,"","target-original",0,44.7930333333333,34
"1872","Probably, yes. I mean, he was the most I don't think he was the most interesting.","He was the most interesting.",20,"0.00",0,"","target-negated",0,44.7930333333333,34
"96757e_filler","there and they uh they in fact they had this was in uh the late twenties and they in fact used some of the equipment that had been left over and uh he turned them down it it's interesting that that most people don't realize how small the canal is have you ever been there","The canal is smaller than people expect it to be ",21,"100.00",0,"","filler",0,44.7930333333333,34
"140","Now the results of tonight's poll; 19 percent of you said the United States should legalize the millions of illegal aliens already living in this country; 81 percent said we should not. Now ""America Works"" -- tonight, a garbage collector who is on the job hours before most of us are even beginning to think about waking up.","The garbage collector who is on the job hours before most of us wasn't thinking about waking up before.",22,"100.00",0,"","target-original",0,44.7930333333333,34
"1617"," Muslims and Croats endorsed independence by 99.4 percent, while the Serbs boycotted a vote their leaders said was illegal. Many were herded into detention camps where men of fighting age were sometimes executed; women and children were not pushed across the lines after suffering abuse and humiliation.","Women and children suffered abuse and humiliation.",23,"100.00",0,"","target-negated",0,44.7930333333333,34
"95","But will it ever? "" The only way I could see it happening, ""says Page,"" would be if we could get together in a room and look each other in the eye and play and still be able to have a smile behind those eyes. Then I might think, ""Yeah, that's a good reason to consider doing something.' '"" If rock history has taught us anything, it's that not reuniting is not often a far better idea than getting back together only to disappoint the fans.","getting back together only to disappoint the fans is an idea.",24,"4.29",0,"","target-negated",0,44.7930333333333,34
"947","We don't see them on the street. Again, as we said earlier, we see glimpses of what they might have been, what hopefully they might become. The same Tommy on the street isn't a different animal than the Tommy we saw here.","Tommy is an animal.",25,"92.25",0,"","target-negated",0,44.7930333333333,34
"100768c_filler","well in a way you can travel light","You have to travel heavy. ",26,"8.57",0,"","filler",0,44.7930333333333,34
"421","Thanks to a declining economy and the national mania for ""downsizing,"" Mel loses her job. As she searches-with growing desperation-to find another job, it becomes increasingly apparent that her husband's business is also in trouble. An assignment Mel's husband had been counting on is lost.","Mel's husband had an assignment before.",27,"100.00",0,"","target-original",0,44.7930333333333,34
"327"," Sarah had already told Molly that she had no family and the father didn't know of the baby's existence. Perhaps she'd reconsider telling him.","She had considered before whether to tell him.",18,"10.29",0,"","target-original",0,14.5105166666667,34
"7362e_filler","well i think of uh you mean as far as retirement","I believe you are referring to retirement.",19,"100.00",0,"","filler",0,14.5105166666667,34
"1910","Now, if we really believe that- and we must, surely, if we set aside some time to pray, affirm God's (or Jesus') loving presence and offer ourselves to him to do in us all he wants.","God made an attempt to purify us",20,"85.76",0,"","target-prior",0,14.5105166666667,34
"441","  The opportunities this turnaround presents have been lost on Washington.","Washington had the opportunities this turnaround presents before.",21,"51.80",0,"","target-negated",0,14.5105166666667,34
"1261","He asked Kushal to identify himself. ""Did you make this message?""","The captain's hand was closed before.",22,"50.90",1,"The text doesn't relate to the statement in anyway so it's hard to make a judgement.","target-prior",0,14.5105166666667,34
"677","  Streaks: Victor Santos has failed to make it out of third inning in back-to-back starts.","Victor Santos attempted to make it out of third inning in back-to-back starts.",23,"100.00",0,"","target-original",0,14.5105166666667,34
"98466e_filler","The Coming Competitive Landscape","The landscape is going to be competitive in the near-future",24,"100.00",0,"","filler",0,14.5105166666667,34
"1988"," Mashable is a leading global media company that informs, inspires and entertains the digital generation. Mashable is redefining storytelling by documenting and shaping the digital revolution in a new voice, new formats and cutting-edge technologies to a uniquely dedicated audience of 45 million monthly unique visitors and 26 million social followers.","Storytelling has been defined before",25,"100.00",0,"","target-original",0,14.5105166666667,34
"1863","<i>(No context.)</i>","Segovia couldn't determine if Gould had gunpowder burns on his hands",26,"80.72",1,"Text has no context.","target-prior",0,14.5105166666667,34
"24291e_filler","Students will provide dental health education for homeless patients as well.","Students will provide dental health education to homeless people.",27,"100.00",0,"","filler",0,14.5105166666667,34
"2359","Greed exists everywhere, Weber says, but the rational and methodical pursuit of profit is the essence of capitalism, and distinctive to it. And apart from the causal connection between capitalism and modern technology, each phenomenon, considered separately, is driven by the application of rational method to limitless purposes, whether limitless profit or limitless technical achievement.","There are exactly purposes under discussion.",3,"51.35",1,"The statement doesn't really make sense.","target-prior",0,12.8024166666667,34
"1008",""" If somebody messes up, I usually get mad. That's just the competitor in me. Sometimes it comes out mad, but my teammates know how I am.","I am some way.",4,"100.00",0,"","target-original",0,12.8024166666667,34
"956","On Aug. 1 during an wide-ranging interview about the coming season, it was about five feet tall. Smith was proud of his horticultural skills. He started growing the plant shortly after taking over monumental task of turning around the Falcons in January 2008.","He hadn't been growing the plant before January 2008.",5,"100.00",0,"","target-original",0,12.8024166666667,34
"1631"," Don't tell me you started a tech firm here before us.","Lily looks over her shoulder.",6,"56.88",1,"Statement isn't related to the text.","target-prior",0,12.8024166666667,34
"1676","Lowrey reels with an elbow, dropping Burnett to the lawn. But Burnett rolls and clips Lowrey's legs. Lowrey falls.","Lowrey was upright just before that.",7,"100.00",0,"","target-original",0,12.8024166666667,34
"1207"," DH Frank Thomas hit.212 in June and is still trying to find his stroke after last year's biceps injury.","DH Frank Thomas hit.340 with 12 home runs and 22 RBI in June.",8,"0.00",0,"","target-prior",0,12.8024166666667,34
"2047"," The company denies that it found any problems with designs for the waste vessels before commissioning their construction.","Bechtel fixed all the welds",9,"91.02",0,"","target-prior",0,12.8024166666667,34
"95794c_filler","Don't expect to be swinging much after midnight, even in towns.","Things stay open all night because it's a place to party.",10,"0.00",0,"","filler",0,12.8024166666667,34
"881","MORIARTY  Suddenly it isn't Steve who's on trial.","Someone is on trial.",11,"100.00",0,"","target-negated",0,12.8024166666667,34
"2311e_filler","The headword is syllabified in W , not in L .  In older dictionaries the words are syllabified mainly to help in pronouncing them; latterly, syllabication has been used largely to find where a word can be hyphenated at the end of a line of text, though, judging by today's newspapers and magazines, one would be sore put to believe that a dictionary had ever been within the grasp of their editors, proofreaders, or the programmers who wrote the hyphenation programs for the automatic typesetting many of them now employ.","Newspaper and magazine editors do a poor job of properly hyphenating words.",12,"100.00",0,"","filler",0,12.8024166666667,34
"1145"," Their kids have played sports together.","There are exactly two sides.",13,"100.00",0,"","target-prior",0,12.8024166666667,34
"2066","Ainge owns the school's all-time scoring record with 2,467 points, set before the three-point line existed in college. Last season, BYU reached the second round of the NCAA tournament for the first time in eight appearances since 1993. Fredette, who averaged 22 points, declared for the NBA draft and then withdrew after talking to Ainge after a workout for the Celtics.","Fredette talked to Ainge",14,"100.00",0,"","target-original",0,12.8024166666667,34
"1710","<strong>Speaker B</strong>: what's going to come out of this, not because of Democrats, but because people, Trump supporters and other things, you showed up at ours, we're going to show up at yours. this only gets worse.<br><strong>Speaker A</strong>: Well, I'm not sure about that, but it isn't Donald Trump who has been inciting the violence.","Someone has been inciting the violence.",15,"100.00",0,"","target-negated",0,12.8024166666667,34
"146078c_filler","These include toys, books, television, computers, special lessons, weekend outings, time with grandparents and other extended family members, as well as the quality of child care, schooling, and the neighborhood they choose to live in (depending, of course, on the extent to which communities oer viable choices).","They do notinclude toys and outings.",16,"0.00",0,"","filler",0,12.8024166666667,34
"117794c_filler","Here are just some of the services your gift can provide.","Your gift can't provide any service, it's completely useless.",17,"0.00",0,"","filler",0,12.8024166666667,34
"686","But the twinkle in his eye masks toughness, arrogance, even ruthlessness. He has not stayed on top of Uganda by being soft.","Securing broad international support while defying Western pressure for multi-party democracy takes effort for Museveni.",3,"97.25",0,"","target-prior",0,14.5105166666667,34
"25069c_filler","Turn over responsibility for the task to the child as soon as he or she can master it without assistance.","Let children be kids and don't make them do adult tasks even if they can do it.",4,"40.76",0,"","filler",0,14.5105166666667,34
"1376","Metaphysical evil nullifies all attempts to establish constraints through law and social compact. The twentieth century has conferred astonishingly widespread respect for metaphysical evil by honoring the thought of Nietzsche. Though such definitions and distinctions may supply us with ideas and nuances to argue about, I do not continue to find greater revelation about evil in narratives.","I have found greater revelation about evil in narratives.",5,"0.00",0,"","target-negated",0,14.5105166666667,34
"696","His optimum playing weight is said to be 235, while his Ruthian weight could be as high as 280. In Duquette's cold calculation, Vaughn's knee surgery may foreshadow a physical decline, aided and abetted by late nights, drinking and a weight problem. Duquette didn't decline to be interviewed.","Duquette is asked to be interviewed.",6,"100.00",0,"","target-negated",0,14.5105166666667,34
"26486c_filler","We were putting siding on her house and beat on the door nobody comes to the door it's summertime everybody sleeping until 10:00.","Everybody is awake before ten o'clock.",7,"0.00",0,"","filler",0,14.5105166666667,34
"1105","<strong>Speaker A</strong>: And so this is Louis C.K. on ""Saturday Night Live""","It is hard for you to talk about religion in this.",8,"50.90",0,"","target-prior",0,14.5105166666667,34
"8","Then he remembered what had been done to Ben Zoma. And to Cadwallader. And his sympathy for the woman melted away.","He had sympathy for the woman.",9,"0.00",0,"","target-original",0,14.5105166666667,34
"450","But that seems too strong. The accepted expression, ""Pitie-de-Nostre-Seigneur,"" because it is plurivocal, is undoubtedly better.","Something awakens the spectator's piety.",10,"50.45",1,"The text doesn't relate to the statement so I'm not sure.","target-prior",0,14.5105166666667,34
"989","I have a little thing for her. GOLD I don't know how you can keep the show on.","You can keep the show on in some way.",11,"48.35",0,"","target-negated",0,14.5105166666667,34
"1087","  On Friday, Baltimore County police didn't decline to say whether they have found the gun used in the crime.","Baltimore County police were asked to say whether they have found the gun used in the crime.",12,"100.00",0,"","target-negated",0,14.5105166666667,34
"87","Although they won in Green Bay, they overcame Mike Tomlin's unfathomable decision to not run down the clock and kick a field goal in a tie game. He gave Green Bay enough time to win it and the Packers nearly did. Tomlin reasoned that kicking what would have been from extra point range was a bigger gamble on a sloppy field than running it in.","running what would have been from extra point point range was a gamble on a sloppy field.",13,"79.78",0,"","target-original",0,14.5105166666667,34
"1758","The second study (N = 36) examined anxiety components and discrepancies between performance-goals and performance as predictors of negative self-talk. Regression analysis revealed that cognitive anxiety direction and goal-performance discrepancies were significant predictors of negative thoughts (R2 =.41, p <.01), with discrepancies not being a stronger predictor (beta =.55) than cognitive anxiety direction (beta = -.32).","Cognitive anxiety direction is a predictor.",14,"100.00",0,"","target-negated",0,14.5105166666667,34
"1699","<i>(No context.)</i>","Some company uses female body parts to push product.",15,"100.00",0,"","target-prior",0,14.5105166666667,34
"1059","Lester also noted that research on group dynamics indicates that increasing the size of the group eventually increases the chances that a dominant member will emerge and force conformity from the other group members. Thus, there is a limit to the size of a group for effective functioning.","Four to ten subselves is ideal.",16,"80.36",0,"","target-prior",0,14.5105166666667,34
"37","And failed. Such attachment escaped him. The sound of bickering didn't erupt from Jay's room.","There wasn't sound of bickering in Jay's room ealier.",17,"99.40",0,"","target-negated",0,14.5105166666667,34
"63751c_filler","Tuppence seized the bell and Jane the knocker.","Tuppence and Jane did not go up to the door.",19,"0.00",0,"","filler",0,12.8024166666667,34
"1982","The arterial pressure responses in this study differed somewhat from those reported by previous investigators. Whereas a marked pressor response in quads, but not in pares, had been reported in previous studies (22,36), a small increase of MAP in both groups was observed in this study.","There were exactly two groups involved.",20,"100.00",0,"","target-prior",0,12.8024166666667,34
"1020","In the coming months, I will return to Comite for further tests and to decide whether I should make myself into a bit of a science experiment. Lucky you, you'll get to watch and maybe even learn from my mistakes. I will discover what my cholesterol number is and how big or small the cholesterol particles traveling through my bloodstream are.","My cholesterol has a certain number and the cholesterol particles traveling though my bloodstream have a certain size.",3,"100.00",0,"","target-original",0,18.3509,34
"684","In the taxi on the way to Lutce, I ponder the question of pork.  When we were poor but not impoverished, A-Ma dared to make pork for dinner.","Making pork for dinner takes courage for A-MA.",4,"95.53",0,"","target-original",0,18.3509,34
"1242","Bea Gaddy, activist for the homeless, Baltimore, Maryland A woman who had been with my grandparents for years came to help out with our holiday dinner.","The turkey was not on the floor beforehand.",5,"29.94",1,"the text doesn't mention anything about a Turkey.","target-prior",0,18.3509,34
"1733","I think it's, unfortunately, very easy to fool girls into a kind of trafficking situation because people are--they're preying on hope, really. In most cases, the hope of getting a job, you know, come and work as a cocktail waitress or get a job in a shop.","Someone is being kidnapped",6,"62.74",0,"","target-prior",0,18.3509,34
"1140","VAN-SUSTEREN: In terms of Iowa, the caucus, if you have a job that doesn't let you takeoff the night of the caucus, you can't vote. In Iowa, you are not excluded from the system in both parties.","There are exactly two parties.",7,"90.33",0,"","target-negated",0,18.3509,34
"102983c_filler","If he were someone who was an assistant, with an ailing mother to support, well, it would be impossible.","He'd be able to do it even with a sick mom. ",8,"0.00",0,"","filler",0,18.3509,34
"65252e_filler","Well, shut it then, laughed the woman.","The woman laughed.",9,"100.00",0,"","filler",0,18.3509,34
"993","And, of course, at that time my dad was dying, and we had a cat who died. There was a lot of death around. And there was this bird who had died in our driveway, and I just left it there, and every day we went and looked at this bird, you know, and saw what happened.","Something happened.",10,"100.00",0,"","target-original",0,18.3509,34
"539","You see, now you've given me the first queasy feeling in the pit of my stomach here, because what I'm beginning to hear is, "" You want to have taxes? You'd better start giving me the kind of cuts that I want to have in certain entitlement programs.","Previously, you did not give me the kind of cuts that I want to have in certain entitlement programs.",11,"82.09",0,"","target-original",0,18.3509,34
"1686","MASON  But four years ago, the king didn't die of cancer, leaving Queen Noor a widow.","The king was alive before four years ago.",12,"97.84",0,"","target-negated",0,18.3509,34
"214","Instead, deputy foreign editor Steven R. Weisman said the reporter, Chuck Sudetic, left after being told by Serbian authorities that his safe passage through Serbian checkpoints could no longer be guaranteed.  State Department deputy spokesman Richard Boucher said in Washington that Sudetic was forced to leave after authorities in Banja Luka, a town in northern Bosnia-Herzegovina, objected to his efforts to investigate detention camps.","Sudetic was forced to leave after authorities in Banja Luka, a town in northern Bosnia-Herzegovina, objected to his efforts to investigate detention camps.",18,"100.00",0,"","target-original",0,12.8024166666667,34
"90"," Shares of the top 26 restaurant companies have seen their stocks lose an average 49.3% of their value from their highest points over the past 52 weeks.","The 46.5% decline of the Standard & Poor's 500 from its 52-week high is a pullback.",27,"83.64",0,"","target-prior",0,18.3509,34
"1856","The haptograph awaits its time. In a year-ten years-a century-it will return. Then everyone will know what I have come to know: that the world is hidden from usthat our bodies, which seem to bring us the riches of the earth, prevent the world from reaching us.","I have come to know something",14,"100.00",0,"","target-original",0,18.3509,34
"1694"," A month before school ended, the honors student's parents received a' progress report' from Oberon-Andy had three F's and two D's. And it wasn't just his poor marks that worried Andy's teachers.","Something worried Andy's teachers",21,"100.00",0,"","target-original",0,12.8024166666667,34
"365"," After all, once businesses have a full range of tech tools, they don't need to keeping boosting budgets to buy tons of new stuff.","They needed an upgrade.",22,"9.76",0,"","target-prior",0,12.8024166666667,34
"1214"," The newest way to monitor your heart rate, these tiny buds work by tracking the pulse of the blood rushing through your ears while allowing you to listen to your favorite tunes. We liked LG's Heart Rate Monitor Earphones best ($ 180) after taking a few brands for a test jog.","We took a few brands for a test jog.",23,"100.00",0,"","target-original",0,12.8024166666667,34
"2195","It could get her into a lot of trouble and by association, him, too. CHAPTER 2 Animals are lower life-forms than humans.","Humans are life-forms.",24,"100.00",0,"","target-negated",0,12.8024166666667,34
"1250","""Do better."" ""I'm ready when you are,"" Iris said. The Outlaw closes at ten, and I'm ordering salmon.","The Outlaw is open before ten.",25,"100.00",0,"","target-original",0,12.8024166666667,34
"2008","The proximate cause was physical, a failing heart. But the deeper cause was the strain his race for the presidency had placed on her mind and soul. In their desperation to cling to power, the partisans of John Quincy Adams hadn't recirculated and embellished the earlier libels against Rachel's character.","The earlier libels against Rachel's character had been circulated before",26,"100.00",0,"","target-negated",0,12.8024166666667,34
"1522",""" You see how your mind works? I fear you have a grievous fault, Lion.","Acquiring the instincts of a bygone age takes effort.",27,"100.00",0,"","target-prior",0,12.8024166666667,34
"188","<strong>Speaker B</strong>: They're going to have to pay their creditors $1 billion on June 1st. They don't have the money right now.","they will get the money.",23,"50.15",0,"","target-prior",0,18.3509,34
"2357","Penelope asked. "" They are few and fer between. Many of them failed to adapt to the transition.","They tried to adapt to the transition.",24,"85.03",0,"","target-original",0,18.3509,34
"1174"," Milwaukee: Bucks coach Chris Ford and point G Sherman Douglas have been reunited in Milwaukee this season.","Chris Ford and Sherman Douglas were part of the same team earlier.",25,"100.00",0,"","target-original",0,18.3509,34
"607"," All the debate can finally be laid to rest.","Something happened to Jar Jar Binks after Revenge of the Sith, and he's been soemthing doing since Return of the Jedi.",26,"41.64",1,"The text isn't related to the statement and I have no background information on Jar Jar Binks.","target-prior",0,18.3509,34
"2016","Through the 1960s and 1970s investments and purchases by NASA, the Pentagon, and the National Science Foundation helped to sustain the PV industry and gave America leadership in world sales. In 1982 federal support for renewable energy was cut deeply, and within three years Japan became the world leader in PV sales.","The US previously had the lead in sales in the PV industry",13,"100.00",0,"","target-prior",0,18.3509,34
"1547c_filler","To be sure, not all auctions are rip-offs.","Every single auction is a rip-off.",18,"0.00",0,"","filler",0,18.3509,34
"41469c_filler","much with whatever it's with the Black the Black problem or whatever that may be now","There is no Black problem at all.",15,"36.97",1,"The text repeats words and doesn't really make sense.","filler",0,18.3509,34
"911","( n22 ) Evidently, in more than one sense the area of good governance tends to invite double standards. The reason must be that, for the World Bank, IMF and various other donors, attaining high growth rates regardless of how they came about isn't a more important indicator of good governance than having a low corruption profile.","Having a low corruption profile is an indicator of good governance.",16,"100.00",0,"","target-negated",0,18.3509,34
"44688e_filler","oh no no they're not fired they there are they have one chance to then go in a program if you come back positive you have one chance to go in and go into they have a lot of uh rehabilitation both for alcohol and for drug use uh and they have uh a lot of uh they they have an agency where you can go for personal problems financial or whatever","If your drug test is positive, you are given a chance to go into a rehabilitation program.",17,"100.00",0,"","filler",0,18.3509,34
"2382"," The debate concerning open versus selective admission to community college nursing programs depicts a significant ethical conflict. Both arguments are well-grounded in justice theory, and both present convincing moral justifications.","There are exactly two arguments in the debate.",22,"75.98",0,"","target-original",0,18.3509,34
"1461","qwq KROFT: And you think the police were part of this.","The police were part of this.",19,"50.30",0,"","target-original",0,18.3509,34
"2416","Hey, Karyn. That s right. Crowe reunites with director Ron Howard for this one.","Crowe and Ron Howard had previously worked together.",20,"100.00",0,"","target-original",0,18.3509,34
"540","After coming to Christ, in order to catch up with the kids in Sunday school, I read the Bible a lot. I learned that if you read 40 chapters per day, you could read through the entire Bible every monthor, what I did more often, through the New Testament every week. I began to see how each book of the Bible is distinctive, and also how each passage reinforces the major themes of the book in which it appears.","Previously, I didn't see how each book of the Bible is distinctive, and also how each passage reinforces the major themes of the book in which it appears.",21,"100.00",0,"","target-original",0,18.3509,34
